<?xml version="1.0" ?>
<LOG_ROOT>
	<PROJECT NAME="lab8">
		<CBX_INST_ENTRY INSTANCE_NAME="|programm|Pow:m4|lpm_mult:Mult0" CBX_FILE_NAME="mult_14t.tdf"/>
		<CBX_INST_ENTRY INSTANCE_NAME="|programm|Pow:m4|lpm_mult:Mult13" CBX_FILE_NAME="mult_37t.tdf"/>
		<CBX_INST_ENTRY INSTANCE_NAME="|programm|Pow:m4|lpm_mult:Mult4" CBX_FILE_NAME="mult_t6t.tdf"/>
		<CBX_INST_ENTRY INSTANCE_NAME="|programm|Pow:m4|lpm_mult:Mult8" CBX_FILE_NAME="mult_37t.tdf"/>
		<CBX_INST_ENTRY INSTANCE_NAME="|programm|Pow:m4|lpm_mult:Mult1" CBX_FILE_NAME="mult_g5t.tdf"/>
		<CBX_INST_ENTRY INSTANCE_NAME="|programm|Pow:m4|lpm_mult:Mult10" CBX_FILE_NAME="mult_37t.tdf"/>
		<CBX_INST_ENTRY INSTANCE_NAME="|programm|Pow:m4|lpm_mult:Mult13|mult_37t:auto_generated|alt_mac_mult:mac_mult3" CBX_FILE_NAME="mac_mult_uog1.tdf"/>
		<CBX_INST_ENTRY INSTANCE_NAME="|programm|Pow:m4|lpm_mult:Mult5" CBX_FILE_NAME="mult_57t.tdf"/>
		<CBX_INST_ENTRY INSTANCE_NAME="|programm|Pow:m4|lpm_mult:Mult9" CBX_FILE_NAME="mult_37t.tdf"/>
		<CBX_INST_ENTRY INSTANCE_NAME="|programm|Pow:m4|lpm_mult:Mult11" CBX_FILE_NAME="mult_37t.tdf"/>
		<CBX_INST_ENTRY INSTANCE_NAME="|programm|Pow:m4|lpm_mult:Mult13|mult_37t:auto_generated|alt_mac_out:mac_out4" CBX_FILE_NAME="mac_out_gn82.tdf"/>
		<CBX_INST_ENTRY INSTANCE_NAME="|programm|Pow:m4|lpm_mult:Mult2" CBX_FILE_NAME="mult_v6t.tdf"/>
		<CBX_INST_ENTRY INSTANCE_NAME="|programm|Pow:m4|lpm_mult:Mult6" CBX_FILE_NAME="mult_47t.tdf"/>
		<CBX_INST_ENTRY INSTANCE_NAME="|programm|Pow:m4|lpm_mult:Mult12" CBX_FILE_NAME="mult_37t.tdf"/>
		<CBX_INST_ENTRY INSTANCE_NAME="|programm|Pow:m4|lpm_mult:Mult3" CBX_FILE_NAME="mult_07t.tdf"/>
		<CBX_INST_ENTRY INSTANCE_NAME="|programm|Pow:m4|lpm_mult:Mult7" CBX_FILE_NAME="mult_37t.tdf"/>
	</PROJECT>
</LOG_ROOT>
